cid,pid,target.X,target.Y,target.Z
0,1,0,1.49,1.5
1,1,1,0.49,1.5
2,1,0,1.49,1.5
3,1,1,2.49,1.5
4,1,-1,2.49,2.5
5,1,1,2.49,2.5
6,1,0,2.49,1.5
7,1,1,1.49,2.5
8,1,-1,0.49,1.5
9,1,0,2.49,3.5
10,1,-1,1.49,3.5
11,1,-1,1.49,3.5
12,1,1,0.49,2.5
13,1,-1,1.49,2.5
14,1,1,1.49,1.5
15,1,0,1.49,1.5
16,1,0,1.49,3.5
17,1,1,0.49,2.5
18,1,-1,0.49,3.5
19,1,0,2.49,2.5
20,1,1,2.49,1.5
21,1,-1,0.49,2.5
22,1,0,0.49,1.5
23,1,0,1.49,2.5
24,1,0,0.49,2.5
25,1,1,0.49,3.5
26,1,-1,0.49,3.5
27,1,0,1.49,2.5
28,1,-1,1.49,2.5
29,1,0,1.49,3.5
30,1,1,1.49,3.5
31,1,0,2.49,3.5
32,1,0,0.49,3.5
33,1,-1,1.49,2.5
34,1,1,1.49,2.5
35,1,-1,2.49,1.5
36,1,0,0.49,3.5
37,1,-1,2.49,3.5
38,1,1,0.49,3.5
39,1,-1,0.49,2.5
40,1,-1,0.49,2.5
41,1,0,1.49,2.5
42,1,-1,1.49,1.5
43,1,-1,1.49,1.5
44,1,0,0.49,1.5
45,1,1,2.49,1.5
46,1,-1,1.49,2.5
47,1,0,2.49,2.5
48,1,0,2.49,1.5
49,1,0,0.49,2.5
50,1,-1,0.49,3.5
51,1,-1,0.49,2.5
52,1,1,2.49,2.5
53,1,1,2.49,2.5
54,1,-1,2.49,2.5
55,1,1,2.49,3.5
56,1,0,0.49,2.5
57,1,-1,1.49,3.5
58,1,1,0.49,2.5
59,1,1,0.49,2.5
60,1,-1,0.49,1.5
61,1,1,0.49,1.5
62,1,0,2.49,2.5
63,1,-1,2.49,1.5
64,1,1,0.49,1.5
65,1,1,1.49,3.5
66,1,1,0.49,1.5
67,1,0,0.49,1.5
68,1,1,1.49,2.5
69,1,-1,2.49,1.5
70,1,-1,0.49,2.5
71,1,0,0.49,3.5
72,1,1,0.49,1.5
73,1,1,0.49,2.5
74,1,-1,0.49,3.5
75,1,1,1.49,1.5
76,1,1,1.49,1.5
77,1,1,0.49,3.5
78,1,0,2.49,1.5
79,1,-1,0.49,1.5
80,1,-1,1.49,1.5
81,1,0,2.49,1.5
82,1,0,2.49,3.5
83,1,0,2.49,2.5
84,1,0,0.49,2.5
85,1,-1,2.49,3.5
86,1,0,1.49,3.5
87,1,-1,2.49,3.5
88,1,-1,1.49,1.5
89,1,0,0.49,1.5
90,1,1,2.49,3.5
91,1,1,0.49,3.5
92,1,0,0.49,1.5
93,1,0,1.49,1.5
94,1,0,2.49,1.5
95,1,1,1.49,2.5
96,1,1,2.49,2.5
97,1,0,1.49,1.5
98,1,-1,0.49,1.5
99,1,0,1.49,2.5
100,1,0,2.49,2.5
101,1,1,1.49,3.5
102,1,-1,1.49,2.5
103,1,1,2.49,3.5
104,1,1,1.49,1.5
105,1,-1,1.49,3.5
106,1,-1,2.49,1.5
107,1,-1,2.49,2.5
108,1,1,1.49,3.5
109,1,-1,2.49,2.5
110,1,0,0.49,3.5
111,1,-1,0.49,1.5
112,1,-1,2.49,3.5
113,1,-1,1.49,1.5
114,1,0,2.49,3.5
115,1,0,2.49,3.5
116,1,1,2.49,2.5
117,1,1,2.49,1.5
118,1,0,1.49,2.5
119,1,1,2.49,3.5
120,1,-1,2.49,1.5
121,1,0,1.49,3.5
122,1,1,1.49,3.5
123,1,1,1.49,2.5
124,1,0,1.49,3.5
125,1,1,2.49,1.5
126,1,1,1.49,1.5
127,1,0,0.49,3.5
128,1,-1,1.49,3.5
129,1,-1,2.49,2.5
130,1,-1,2.49,3.5
131,1,0,0.49,2.5
132,1,-1,0.49,3.5
133,1,1,0.49,3.5
134,1,1,2.49,3.5
0,2,1,1.49,3.5
1,2,1,2.49,3.5
2,2,1,1.49,1.5
3,2,0,0.49,1.5
4,2,0,1.49,1.5
5,2,0,2.49,2.5
6,2,-1,2.49,3.5
7,2,0,1.49,2.5
8,2,0,2.49,1.5
9,2,1,0.49,3.5
10,2,1,1.49,1.5
11,2,1,2.49,3.5
12,2,0,0.49,3.5
13,2,1,1.49,1.5
14,2,-1,2.49,3.5
15,2,-1,0.49,1.5
16,2,1,1.49,2.5
17,2,-1,2.49,3.5
18,2,-1,0.49,3.5
19,2,0,1.49,2.5
20,2,0,2.49,1.5
21,2,0,1.49,3.5
22,2,1,0.49,2.5
23,2,-1,2.49,1.5
24,2,-1,1.49,3.5
25,2,1,2.49,1.5
26,2,-1,2.49,2.5
27,2,0,2.49,1.5
28,2,1,2.49,3.5
29,2,1,1.49,3.5
30,2,-1,0.49,2.5
31,2,-1,0.49,3.5
32,2,-1,0.49,2.5
33,2,1,2.49,1.5
34,2,-1,0.49,1.5
35,2,-1,2.49,2.5
36,2,-1,2.49,2.5
37,2,1,1.49,2.5
38,2,-1,1.49,2.5
39,2,-1,0.49,1.5
40,2,1,1.49,2.5
41,2,0,0.49,2.5
42,2,1,2.49,2.5
43,2,1,2.49,1.5
44,2,0,1.49,2.5
45,2,0,0.49,1.5
46,2,-1,1.49,2.5
47,2,0,0.49,2.5
48,2,-1,0.49,3.5
49,2,0,0.49,3.5
50,2,-1,2.49,1.5
51,2,-1,0.49,2.5
52,2,-1,1.49,3.5
53,2,-1,1.49,1.5
54,2,1,2.49,2.5
55,2,0,2.49,2.5
56,2,1,2.49,3.5
57,2,0,2.49,3.5
58,2,1,0.49,3.5
59,2,-1,2.49,3.5
60,2,1,0.49,1.5
61,2,1,1.49,1.5
62,2,1,0.49,3.5
63,2,-1,0.49,2.5
64,2,1,0.49,2.5
65,2,-1,2.49,1.5
66,2,1,0.49,3.5
67,2,-1,1.49,3.5
68,2,-1,2.49,3.5
69,2,1,2.49,1.5
70,2,1,1.49,2.5
71,2,0,2.49,3.5
72,2,0,0.49,1.5
73,2,-1,0.49,1.5
74,2,-1,2.49,1.5
75,2,1,1.49,1.5
76,2,0,0.49,2.5
77,2,0,2.49,3.5
78,2,1,2.49,1.5
79,2,1,1.49,3.5
80,2,1,2.49,2.5
81,2,-1,2.49,2.5
82,2,0,2.49,2.5
83,2,-1,1.49,2.5
84,2,0,0.49,2.5
85,2,-1,1.49,1.5
86,2,0,0.49,2.5
87,2,-1,0.49,3.5
88,2,0,1.49,3.5
89,2,1,2.49,2.5
90,2,-1,1.49,1.5
91,2,0,2.49,2.5
92,2,-1,1.49,2.5
93,2,0,0.49,3.5
94,2,-1,0.49,3.5
95,2,-1,1.49,1.5
96,2,-1,1.49,2.5
97,2,0,1.49,1.5
98,2,1,0.49,1.5
99,2,0,2.49,1.5
100,2,1,0.49,2.5
101,2,1,1.49,2.5
102,2,0,0.49,3.5
103,2,0,2.49,2.5
104,2,-1,0.49,2.5
105,2,-1,2.49,2.5
106,2,0,1.49,2.5
107,2,0,1.49,3.5
108,2,1,2.49,2.5
109,2,0,2.49,1.5
110,2,-1,2.49,1.5
111,2,0,0.49,3.5
112,2,0,1.49,1.5
113,2,0,0.49,1.5
114,2,1,1.49,3.5
115,2,-1,1.49,3.5
116,2,-1,1.49,1.5
117,2,0,1.49,3.5
118,2,-1,1.49,3.5
119,2,0,1.49,2.5
120,2,1,1.49,3.5
121,2,0,1.49,3.5
122,2,1,0.49,1.5
123,2,0,0.49,1.5
124,2,1,2.49,3.5
125,2,1,0.49,2.5
126,2,0,1.49,1.5
127,2,1,0.49,1.5
128,2,1,0.49,3.5
129,2,0,1.49,1.5
130,2,0,2.49,3.5
131,2,1,0.49,1.5
132,2,0,2.49,3.5
133,2,1,0.49,2.5
134,2,-1,0.49,1.5
0,3,-1,1.49,3.5
1,3,1,1.49,3.5
2,3,-1,1.49,1.5
3,3,1,0.49,3.5
4,3,1,0.49,2.5
5,3,0,0.49,3.5
6,3,1,2.49,2.5
7,3,0,1.49,2.5
8,3,0,2.49,1.5
9,3,0,1.49,3.5
10,3,1,0.49,2.5
11,3,1,1.49,3.5
12,3,1,0.49,3.5
13,3,1,2.49,3.5
14,3,1,2.49,1.5
15,3,-1,2.49,3.5
16,3,-1,0.49,3.5
17,3,1,0.49,2.5
18,3,0,0.49,1.5
19,3,1,2.49,1.5
20,3,-1,2.49,1.5
21,3,-1,1.49,3.5
22,3,-1,2.49,1.5
23,3,0,0.49,1.5
24,3,0,2.49,2.5
25,3,1,1.49,3.5
26,3,-1,1.49,3.5
27,3,-1,2.49,2.5
28,3,0,1.49,1.5
29,3,1,1.49,3.5
30,3,1,0.49,1.5
31,3,0,1.49,1.5
32,3,1,2.49,2.5
33,3,0,0.49,1.5
34,3,1,0.49,1.5
35,3,1,0.49,3.5
36,3,-1,2.49,2.5
37,3,0,0.49,3.5
38,3,1,2.49,1.5
39,3,1,2.49,2.5
40,3,-1,0.49,2.5
41,3,0,1.49,2.5
42,3,1,1.49,1.5
43,3,0,2.49,3.5
44,3,0,0.49,1.5
45,3,-1,2.49,2.5
46,3,1,0.49,1.5
47,3,0,0.49,1.5
48,3,-1,1.49,2.5
49,3,-1,1.49,1.5
50,3,-1,2.49,3.5
51,3,1,1.49,1.5
52,3,-1,2.49,3.5
53,3,-1,0.49,1.5
54,3,-1,1.49,3.5
55,3,1,0.49,1.5
56,3,0,0.49,2.5
57,3,1,0.49,3.5
58,3,0,2.49,3.5
59,3,-1,0.49,3.5
60,3,0,1.49,3.5
61,3,-1,1.49,2.5
62,3,1,1.49,2.5
63,3,1,0.49,2.5
64,3,1,1.49,1.5
65,3,-1,1.49,1.5
66,3,-1,2.49,2.5
67,3,-1,0.49,3.5
68,3,0,2.49,1.5
69,3,-1,0.49,2.5
70,3,-1,0.49,2.5
71,3,1,0.49,2.5
72,3,0,1.49,3.5
73,3,0,0.49,3.5
74,3,0,1.49,1.5
75,3,0,1.49,1.5
76,3,-1,0.49,3.5
77,3,0,2.49,2.5
78,3,-1,0.49,1.5
79,3,-1,1.49,2.5
80,3,0,2.49,2.5
81,3,0,0.49,2.5
82,3,1,1.49,3.5
83,3,-1,1.49,2.5
84,3,0,0.49,2.5
85,3,0,2.49,1.5
86,3,1,2.49,3.5
87,3,1,2.49,3.5
88,3,1,2.49,3.5
89,3,0,0.49,3.5
90,3,1,0.49,3.5
91,3,0,2.49,2.5
92,3,1,0.49,1.5
93,3,1,2.49,2.5
94,3,-1,1.49,1.5
95,3,1,2.49,2.5
96,3,0,1.49,2.5
97,3,-1,2.49,1.5
98,3,1,1.49,1.5
99,3,-1,0.49,1.5
100,3,-1,0.49,1.5
101,3,0,1.49,2.5
102,3,1,2.49,3.5
103,3,1,1.49,2.5
104,3,-1,1.49,1.5
105,3,0,0.49,2.5
106,3,-1,1.49,3.5
107,3,0,0.49,2.5
108,3,-1,2.49,3.5
109,3,0,0.49,3.5
110,3,-1,0.49,1.5
111,3,1,1.49,1.5
112,3,1,2.49,1.5
113,3,-1,2.49,3.5
114,3,0,1.49,3.5
115,3,1,1.49,2.5
116,3,0,2.49,3.5
117,3,-1,0.49,2.5
118,3,1,2.49,1.5
119,3,-1,2.49,1.5
120,3,-1,2.49,2.5
121,3,0,2.49,3.5
122,3,0,1.49,1.5
123,3,-1,0.49,2.5
124,3,0,1.49,3.5
125,3,0,2.49,3.5
126,3,-1,0.49,3.5
127,3,-1,1.49,2.5
128,3,0,1.49,2.5
129,3,1,1.49,2.5
130,3,-1,2.49,1.5
131,3,0,2.49,1.5
132,3,0,2.49,1.5
133,3,1,1.49,2.5
134,3,0,2.49,2.5
0,4,-1,1.49,2.5
1,4,-1,1.49,1.5
2,4,0,1.49,1.5
3,4,1,0.49,1.5
4,4,-1,1.49,2.5
5,4,1,0.49,3.5
6,4,-1,2.49,3.5
7,4,1,1.49,2.5
8,4,0,0.49,2.5
9,4,-1,1.49,1.5
10,4,0,0.49,3.5
11,4,1,1.49,1.5
12,4,-1,0.49,1.5
13,4,-1,2.49,3.5
14,4,0,2.49,1.5
15,4,0,2.49,3.5
16,4,1,2.49,1.5
17,4,1,0.49,3.5
18,4,-1,0.49,1.5
19,4,1,0.49,1.5
20,4,1,2.49,1.5
21,4,-1,0.49,3.5
22,4,-1,1.49,2.5
23,4,0,0.49,2.5
24,4,1,2.49,3.5
25,4,-1,2.49,3.5
26,4,-1,2.49,1.5
27,4,0,1.49,1.5
28,4,1,1.49,1.5
29,4,-1,1.49,3.5
30,4,1,2.49,3.5
31,4,1,0.49,3.5
32,4,1,1.49,1.5
33,4,1,1.49,2.5
34,4,0,0.49,3.5
35,4,1,0.49,1.5
36,4,-1,0.49,3.5
37,4,0,0.49,1.5
38,4,0,1.49,1.5
39,4,1,2.49,2.5
40,4,1,0.49,3.5
41,4,-1,2.49,2.5
42,4,0,0.49,2.5
43,4,1,1.49,3.5
44,4,-1,1.49,2.5
45,4,-1,1.49,1.5
46,4,-1,1.49,3.5
47,4,0,2.49,3.5
48,4,1,1.49,2.5
49,4,-1,2.49,1.5
50,4,0,1.49,2.5
51,4,1,0.49,2.5
52,4,0,1.49,1.5
53,4,0,2.49,1.5
54,4,1,0.49,1.5
55,4,0,1.49,2.5
56,4,0,0.49,1.5
57,4,-1,1.49,1.5
58,4,1,2.49,2.5
59,4,-1,0.49,1.5
60,4,0,2.49,3.5
61,4,-1,2.49,2.5
62,4,1,1.49,1.5
63,4,0,0.49,1.5
64,4,0,2.49,2.5
65,4,-1,1.49,3.5
66,4,0,1.49,3.5
67,4,0,0.49,3.5
68,4,1,1.49,2.5
69,4,0,1.49,3.5
70,4,1,2.49,2.5
71,4,0,0.49,3.5
72,4,-1,0.49,2.5
73,4,0,2.49,2.5
74,4,1,1.49,3.5
75,4,1,0.49,1.5
76,4,0,0.49,1.5
77,4,0,2.49,1.5
78,4,0,2.49,3.5
79,4,1,1.49,3.5
80,4,0,1.49,1.5
81,4,-1,2.49,3.5
82,4,-1,0.49,2.5
83,4,1,2.49,1.5
84,4,1,0.49,2.5
85,4,1,2.49,3.5
86,4,1,0.49,2.5
87,4,0,2.49,2.5
88,4,1,1.49,2.5
89,4,-1,0.49,2.5
90,4,0,2.49,2.5
91,4,0,1.49,2.5
92,4,0,2.49,1.5
93,4,-1,2.49,2.5
94,4,-1,0.49,1.5
95,4,-1,2.49,1.5
96,4,-1,0.49,3.5
97,4,0,1.49,3.5
98,4,1,2.49,3.5
99,4,-1,2.49,1.5
100,4,1,1.49,1.5
101,4,-1,0.49,2.5
102,4,0,2.49,2.5
103,4,1,2.49,2.5
104,4,1,2.49,1.5
105,4,0,0.49,2.5
106,4,-1,0.49,3.5
107,4,0,0.49,2.5
108,4,0,1.49,3.5
109,4,-1,0.49,1.5
110,4,1,0.49,2.5
111,4,-1,1.49,3.5
112,4,1,0.49,2.5
113,4,0,2.49,1.5
114,4,0,1.49,2.5
115,4,0,2.49,3.5
116,4,-1,1.49,1.5
117,4,1,0.49,3.5
118,4,0,0.49,1.5
119,4,-1,2.49,3.5
120,4,1,1.49,3.5
121,4,0,1.49,3.5
122,4,-1,2.49,1.5
123,4,-1,0.49,2.5
124,4,-1,1.49,3.5
125,4,-1,2.49,2.5
126,4,1,2.49,2.5
127,4,1,1.49,3.5
128,4,-1,0.49,3.5
129,4,-1,2.49,2.5
130,4,0,0.49,3.5
131,4,-1,1.49,2.5
132,4,0,1.49,2.5
133,4,1,2.49,1.5
134,4,1,2.49,3.5
0,5,1,0.49,3.5
1,5,1,0.49,1.5
2,5,-1,0.49,3.5
3,5,0,0.49,1.5
4,5,1,1.49,1.5
5,5,-1,0.49,2.5
6,5,1,2.49,3.5
7,5,1,2.49,3.5
8,5,0,2.49,1.5
9,5,0,2.49,1.5
10,5,0,2.49,3.5
11,5,0,0.49,1.5
12,5,1,0.49,3.5
13,5,0,1.49,2.5
14,5,-1,2.49,2.5
15,5,0,1.49,1.5
16,5,0,1.49,3.5
17,5,-1,2.49,3.5
18,5,0,0.49,2.5
19,5,0,1.49,3.5
20,5,1,0.49,1.5
21,5,-1,1.49,1.5
22,5,0,1.49,2.5
23,5,-1,0.49,1.5
24,5,-1,0.49,2.5
25,5,0,1.49,1.5
26,5,-1,2.49,3.5
27,5,-1,2.49,1.5
28,5,0,1.49,1.5
29,5,0,1.49,3.5
30,5,-1,0.49,1.5
31,5,1,1.49,3.5
32,5,-1,0.49,1.5
33,5,1,0.49,2.5
34,5,1,1.49,3.5
35,5,-1,2.49,3.5
36,5,1,0.49,3.5
37,5,-1,2.49,1.5
38,5,1,0.49,3.5
39,5,0,2.49,1.5
40,5,0,2.49,3.5
41,5,1,1.49,1.5
42,5,-1,2.49,2.5
43,5,-1,2.49,2.5
44,5,1,1.49,2.5
45,5,1,1.49,3.5
46,5,1,1.49,3.5
47,5,1,2.49,1.5
48,5,0,2.49,2.5
49,5,1,2.49,1.5
50,5,-1,1.49,3.5
51,5,0,1.49,2.5
52,5,-1,2.49,2.5
53,5,0,0.49,3.5
54,5,-1,0.49,3.5
55,5,-1,2.49,1.5
56,5,1,2.49,1.5
57,5,1,2.49,3.5
58,5,-1,2.49,3.5
59,5,1,0.49,2.5
60,5,-1,1.49,1.5
61,5,0,2.49,1.5
62,5,0,2.49,3.5
63,5,1,2.49,2.5
64,5,1,2.49,1.5
65,5,1,1.49,1.5
66,5,1,0.49,2.5
67,5,-1,2.49,2.5
68,5,0,2.49,3.5
69,5,0,2.49,3.5
70,5,1,0.49,2.5
71,5,-1,1.49,1.5
72,5,-1,0.49,2.5
73,5,1,1.49,2.5
74,5,-1,1.49,1.5
75,5,-1,0.49,3.5
76,5,-1,1.49,2.5
77,5,0,0.49,3.5
78,5,0,1.49,3.5
79,5,1,2.49,2.5
80,5,-1,1.49,3.5
81,5,0,1.49,1.5
82,5,0,1.49,2.5
83,5,-1,1.49,3.5
84,5,1,2.49,2.5
85,5,1,0.49,3.5
86,5,1,1.49,2.5
87,5,-1,1.49,2.5
88,5,-1,0.49,3.5
89,5,0,0.49,1.5
90,5,0,0.49,1.5
91,5,-1,1.49,2.5
92,5,0,2.49,2.5
93,5,0,0.49,1.5
94,5,0,1.49,3.5
95,5,1,1.49,2.5
96,5,1,0.49,1.5
97,5,-1,2.49,1.5
98,5,0,2.49,2.5
99,5,0,0.49,3.5
100,5,0,2.49,2.5
101,5,-1,2.49,3.5
102,5,-1,0.49,1.5
103,5,-1,1.49,2.5
104,5,1,2.49,3.5
105,5,-1,0.49,2.5
106,5,-1,1.49,1.5
107,5,1,1.49,3.5
108,5,1,0.49,2.5
109,5,1,2.49,2.5
110,5,0,2.49,1.5
111,5,1,1.49,2.5
112,5,0,0.49,2.5
113,5,1,0.49,1.5
114,5,-1,0.49,3.5
115,5,1,1.49,1.5
116,5,0,0.49,2.5
117,5,1,2.49,2.5
118,5,0,0.49,2.5
119,5,1,0.49,1.5
120,5,-1,0.49,2.5
121,5,-1,1.49,3.5
122,5,-1,1.49,2.5
123,5,-1,1.49,3.5
124,5,-1,2.49,1.5
125,5,0,0.49,3.5
126,5,-1,0.49,1.5
127,5,1,1.49,1.5
128,5,0,2.49,2.5
129,5,1,2.49,3.5
130,5,0,0.49,2.5
131,5,0,1.49,1.5
132,5,0,1.49,2.5
133,5,0,0.49,3.5
134,5,1,2.49,1.5
0,6,-1,1.49,3.5
1,6,0,0.49,1.5
2,6,0,0.49,1.5
3,6,1,0.49,2.5
4,6,-1,0.49,2.5
5,6,0,2.49,3.5
6,6,0,0.49,3.5
7,6,0,1.49,2.5
8,6,-1,1.49,3.5
9,6,0,0.49,3.5
10,6,0,2.49,1.5
11,6,-1,2.49,1.5
12,6,0,1.49,1.5
13,6,0,0.49,2.5
14,6,-1,2.49,2.5
15,6,1,2.49,2.5
16,6,0,0.49,2.5
17,6,-1,0.49,1.5
18,6,1,0.49,1.5
19,6,1,0.49,1.5
20,6,0,0.49,1.5
21,6,1,0.49,2.5
22,6,-1,2.49,1.5
23,6,-1,0.49,2.5
24,6,-1,2.49,2.5
25,6,1,1.49,3.5
26,6,1,2.49,2.5
27,6,1,1.49,1.5
28,6,0,2.49,1.5
29,6,1,1.49,1.5
30,6,1,0.49,1.5
31,6,-1,2.49,1.5
32,6,0,0.49,2.5
33,6,1,2.49,3.5
34,6,-1,2.49,3.5
35,6,-1,0.49,1.5
36,6,-1,0.49,2.5
37,6,0,1.49,3.5
38,6,1,1.49,3.5
39,6,0,2.49,3.5
40,6,-1,0.49,1.5
41,6,0,2.49,2.5
42,6,-1,1.49,2.5
43,6,1,0.49,3.5
44,6,-1,2.49,2.5
45,6,1,1.49,2.5
46,6,0,1.49,2.5
47,6,-1,1.49,2.5
48,6,1,0.49,1.5
49,6,1,0.49,3.5
50,6,0,1.49,3.5
51,6,1,1.49,2.5
52,6,1,2.49,2.5
53,6,-1,2.49,1.5
54,6,1,1.49,2.5
55,6,0,2.49,1.5
56,6,0,2.49,3.5
57,6,-1,1.49,2.5
58,6,-1,2.49,3.5
59,6,0,2.49,3.5
60,6,1,1.49,1.5
61,6,-1,0.49,1.5
62,6,1,2.49,3.5
63,6,-1,2.49,3.5
64,6,1,0.49,3.5
65,6,1,0.49,2.5
66,6,1,2.49,1.5
67,6,1,1.49,3.5
68,6,0,1.49,2.5
69,6,0,0.49,1.5
70,6,-1,0.49,3.5
71,6,0,1.49,1.5
72,6,1,0.49,3.5
73,6,-1,0.49,1.5
74,6,1,2.49,1.5
75,6,-1,1.49,1.5
76,6,0,1.49,1.5
77,6,1,2.49,2.5
78,6,0,1.49,2.5
79,6,-1,2.49,2.5
80,6,0,1.49,3.5
81,6,0,2.49,2.5
82,6,-1,0.49,2.5
83,6,1,0.49,1.5
84,6,1,2.49,1.5
85,6,0,1.49,2.5
86,6,0,2.49,2.5
87,6,0,1.49,1.5
88,6,-1,1.49,3.5
89,6,-1,1.49,2.5
90,6,1,2.49,3.5
91,6,-1,1.49,1.5
92,6,0,0.49,3.5
93,6,1,1.49,3.5
94,6,0,0.49,3.5
95,6,1,2.49,3.5
96,6,-1,0.49,3.5
97,6,0,2.49,2.5
98,6,1,2.49,2.5
99,6,-1,0.49,3.5
100,6,1,2.49,1.5
101,6,1,1.49,2.5
102,6,-1,2.49,3.5
103,6,-1,0.49,2.5
104,6,0,1.49,1.5
105,6,0,0.49,2.5
106,6,-1,1.49,3.5
107,6,0,0.49,1.5
108,6,-1,1.49,3.5
109,6,1,2.49,1.5
110,6,-1,2.49,3.5
111,6,-1,1.49,1.5
112,6,0,2.49,2.5
113,6,-1,2.49,2.5
114,6,-1,1.49,1.5
115,6,-1,0.49,3.5
116,6,0,0.49,3.5
117,6,1,1.49,3.5
118,6,1,1.49,2.5
119,6,0,2.49,3.5
120,6,0,1.49,3.5
121,6,1,2.49,3.5
122,6,-1,1.49,1.5
123,6,1,0.49,3.5
124,6,-1,1.49,2.5
125,6,0,0.49,2.5
126,6,-1,0.49,3.5
127,6,1,1.49,1.5
128,6,0,2.49,1.5
129,6,1,0.49,2.5
130,6,-1,2.49,1.5
131,6,0,1.49,3.5
132,6,1,0.49,2.5
133,6,0,2.49,1.5
134,6,1,1.49,1.5
0,7,-1,1.49,3.5
1,7,-1,0.49,2.5
2,7,0,2.49,3.5
3,7,1,0.49,1.5
4,7,-1,1.49,2.5
5,7,-1,0.49,2.5
6,7,0,0.49,3.5
7,7,0,0.49,1.5
8,7,1,1.49,1.5
9,7,1,1.49,3.5
10,7,-1,2.49,3.5
11,7,1,2.49,3.5
12,7,-1,2.49,3.5
13,7,-1,2.49,1.5
14,7,0,2.49,1.5
15,7,0,2.49,2.5
16,7,0,0.49,3.5
17,7,1,1.49,2.5
18,7,1,2.49,2.5
19,7,1,2.49,1.5
20,7,1,1.49,3.5
21,7,-1,0.49,1.5
22,7,-1,0.49,1.5
23,7,1,0.49,2.5
24,7,1,2.49,3.5
25,7,-1,1.49,3.5
26,7,0,2.49,1.5
27,7,-1,0.49,2.5
28,7,-1,2.49,3.5
29,7,1,1.49,2.5
30,7,0,2.49,1.5
31,7,0,2.49,1.5
32,7,-1,2.49,2.5
33,7,-1,1.49,3.5
34,7,1,2.49,1.5
35,7,1,0.49,2.5
36,7,1,0.49,1.5
37,7,-1,2.49,2.5
38,7,-1,1.49,2.5
39,7,0,1.49,2.5
40,7,0,0.49,2.5
41,7,-1,0.49,3.5
42,7,-1,2.49,1.5
43,7,-1,1.49,2.5
44,7,1,0.49,2.5
45,7,0,0.49,2.5
46,7,1,2.49,3.5
47,7,1,2.49,2.5
48,7,1,0.49,3.5
49,7,-1,1.49,2.5
50,7,0,2.49,2.5
51,7,1,1.49,1.5
52,7,-1,1.49,1.5
53,7,-1,1.49,1.5
54,7,1,2.49,1.5
55,7,0,1.49,1.5
56,7,0,2.49,3.5
57,7,-1,2.49,1.5
58,7,-1,0.49,1.5
59,7,0,0.49,3.5
60,7,1,0.49,2.5
61,7,0,0.49,2.5
62,7,1,2.49,1.5
63,7,0,1.49,1.5
64,7,0,2.49,2.5
65,7,-1,2.49,3.5
66,7,0,0.49,1.5
67,7,-1,2.49,2.5
68,7,1,2.49,3.5
69,7,0,1.49,3.5
70,7,-1,1.49,1.5
71,7,0,1.49,2.5
72,7,0,0.49,1.5
73,7,-1,0.49,3.5
74,7,0,0.49,3.5
75,7,0,0.49,2.5
76,7,1,1.49,1.5
77,7,-1,2.49,3.5
78,7,1,1.49,2.5
79,7,-1,0.49,3.5
80,7,1,1.49,3.5
81,7,-1,2.49,1.5
82,7,1,2.49,2.5
83,7,-1,2.49,2.5
84,7,0,1.49,1.5
85,7,1,0.49,3.5
86,7,0,0.49,3.5
87,7,0,0.49,1.5
88,7,1,0.49,1.5
89,7,-1,0.49,3.5
90,7,-1,0.49,1.5
91,7,1,0.49,3.5
92,7,1,1.49,1.5
93,7,0,2.49,1.5
94,7,-1,0.49,3.5
95,7,-1,2.49,1.5
96,7,1,1.49,3.5
97,7,0,1.49,1.5
98,7,0,2.49,3.5
99,7,1,0.49,2.5
100,7,1,2.49,1.5
101,7,-1,1.49,1.5
102,7,0,1.49,2.5
103,7,0,0.49,1.5
104,7,0,1.49,1.5
105,7,-1,1.49,1.5
106,7,1,2.49,2.5
107,7,1,0.49,1.5
108,7,1,1.49,1.5
109,7,1,0.49,3.5
110,7,1,1.49,2.5
111,7,0,0.49,2.5
112,7,0,1.49,2.5
113,7,1,0.49,1.5
114,7,0,1.49,3.5
115,7,-1,0.49,2.5
116,7,0,2.49,3.5
117,7,1,2.49,2.5
118,7,0,2.49,2.5
119,7,-1,1.49,3.5
120,7,1,0.49,3.5
121,7,0,1.49,3.5
122,7,0,2.49,2.5
123,7,1,1.49,3.5
124,7,-1,1.49,3.5
125,7,1,2.49,3.5
126,7,1,1.49,2.5
127,7,0,1.49,3.5
128,7,0,1.49,3.5
129,7,-1,0.49,1.5
130,7,0,1.49,2.5
131,7,0,2.49,3.5
132,7,-1,2.49,2.5
133,7,-1,1.49,2.5
134,7,-1,0.49,2.5
0,8,1,1.49,1.5
1,8,0,2.49,3.5
2,8,1,0.49,2.5
3,8,1,0.49,1.5
4,8,1,0.49,2.5
5,8,1,0.49,2.5
6,8,-1,1.49,2.5
7,8,0,2.49,1.5
8,8,-1,2.49,1.5
9,8,1,2.49,2.5
10,8,-1,2.49,3.5
11,8,1,0.49,3.5
12,8,1,2.49,1.5
13,8,1,2.49,2.5
14,8,0,0.49,1.5
15,8,-1,1.49,1.5
16,8,1,0.49,2.5
17,8,-1,1.49,2.5
18,8,1,1.49,3.5
19,8,-1,0.49,3.5
20,8,0,1.49,2.5
21,8,-1,0.49,1.5
22,8,-1,2.49,1.5
23,8,1,1.49,3.5
24,8,0,2.49,1.5
25,8,-1,0.49,3.5
26,8,0,0.49,2.5
27,8,0,0.49,1.5
28,8,0,1.49,2.5
29,8,-1,2.49,1.5
30,8,0,2.49,2.5
31,8,-1,2.49,3.5
32,8,1,0.49,1.5
33,8,0,0.49,3.5
34,8,1,2.49,1.5
35,8,0,2.49,2.5
36,8,1,2.49,3.5
37,8,1,1.49,3.5
38,8,0,0.49,3.5
39,8,1,1.49,2.5
40,8,1,1.49,2.5
41,8,-1,0.49,2.5
42,8,1,2.49,1.5
43,8,-1,1.49,2.5
44,8,0,0.49,3.5
45,8,0,0.49,2.5
46,8,1,2.49,1.5
47,8,-1,1.49,1.5
48,8,1,2.49,2.5
49,8,-1,2.49,2.5
50,8,-1,2.49,3.5
51,8,0,2.49,1.5
52,8,0,0.49,1.5
53,8,-1,2.49,2.5
54,8,0,0.49,2.5
55,8,1,0.49,1.5
56,8,-1,0.49,1.5
57,8,-1,0.49,3.5
58,8,-1,0.49,3.5
59,8,0,0.49,3.5
60,8,-1,1.49,1.5
61,8,0,0.49,1.5
62,8,-1,1.49,2.5
63,8,-1,0.49,1.5
64,8,0,2.49,3.5
65,8,-1,2.49,3.5
66,8,-1,1.49,1.5
67,8,-1,2.49,2.5
68,8,0,1.49,2.5
69,8,1,1.49,2.5
70,8,1,0.49,3.5
71,8,1,0.49,1.5
72,8,0,1.49,1.5
73,8,-1,2.49,1.5
74,8,0,2.49,1.5
75,8,1,2.49,1.5
76,8,-1,1.49,1.5
77,8,-1,0.49,2.5
78,8,-1,0.49,1.5
79,8,0,1.49,1.5
80,8,0,1.49,1.5
81,8,0,1.49,1.5
82,8,-1,0.49,2.5
83,8,1,2.49,2.5
84,8,0,2.49,2.5
85,8,0,1.49,2.5
86,8,-1,1.49,3.5
87,8,1,1.49,3.5
88,8,0,1.49,3.5
89,8,-1,0.49,2.5
90,8,0,0.49,2.5
91,8,1,1.49,3.5
92,8,1,1.49,1.5
93,8,0,2.49,3.5
94,8,1,0.49,1.5
95,8,0,1.49,3.5
96,8,0,1.49,2.5
97,8,0,1.49,3.5
98,8,-1,0.49,3.5
99,8,0,2.49,3.5
100,8,-1,1.49,3.5
101,8,1,2.49,3.5
102,8,0,2.49,2.5
103,8,1,0.49,3.5
104,8,0,0.49,3.5
105,8,-1,0.49,2.5
106,8,-1,1.49,3.5
107,8,-1,1.49,3.5
108,8,1,0.49,2.5
109,8,1,1.49,1.5
110,8,0,2.49,2.5
111,8,0,2.49,1.5
112,8,-1,2.49,2.5
113,8,0,0.49,2.5
114,8,-1,1.49,3.5
115,8,1,1.49,1.5
116,8,1,1.49,2.5
117,8,-1,2.49,2.5
118,8,0,1.49,1.5
119,8,0,1.49,3.5
120,8,-1,0.49,1.5
121,8,1,1.49,2.5
122,8,1,0.49,3.5
123,8,1,2.49,3.5
124,8,-1,2.49,1.5
125,8,1,2.49,3.5
126,8,1,2.49,2.5
127,8,-1,1.49,2.5
128,8,1,1.49,1.5
129,8,0,1.49,3.5
130,8,0,2.49,3.5
131,8,1,0.49,3.5
132,8,-1,2.49,3.5
133,8,1,2.49,3.5
134,8,0,0.49,1.5
0,9,1,2.49,3.5
1,9,1,0.49,1.5
2,9,-1,1.49,1.5
3,9,0,1.49,2.5
4,9,0,2.49,2.5
5,9,1,1.49,3.5
6,9,1,0.49,3.5
7,9,0,2.49,2.5
8,9,-1,1.49,3.5
9,9,0,1.49,2.5
10,9,1,1.49,1.5
11,9,-1,2.49,1.5
12,9,-1,2.49,1.5
13,9,1,0.49,3.5
14,9,-1,1.49,2.5
15,9,0,2.49,2.5
16,9,0,2.49,3.5
17,9,0,0.49,1.5
18,9,0,2.49,1.5
19,9,0,1.49,3.5
20,9,1,2.49,1.5
21,9,1,2.49,2.5
22,9,1,0.49,1.5
23,9,1,1.49,1.5
24,9,0,1.49,3.5
25,9,1,0.49,3.5
26,9,0,1.49,3.5
27,9,0,0.49,3.5
28,9,0,2.49,2.5
29,9,0,1.49,2.5
30,9,0,0.49,3.5
31,9,0,2.49,3.5
32,9,1,2.49,3.5
33,9,0,0.49,2.5
34,9,0,0.49,3.5
35,9,-1,0.49,2.5
36,9,-1,0.49,1.5
37,9,0,1.49,3.5
38,9,0,1.49,2.5
39,9,1,0.49,1.5
40,9,1,2.49,2.5
41,9,-1,2.49,2.5
42,9,-1,1.49,1.5
43,9,1,1.49,1.5
44,9,0,0.49,3.5
45,9,-1,2.49,1.5
46,9,1,1.49,2.5
47,9,1,2.49,2.5
48,9,0,1.49,1.5
49,9,-1,2.49,3.5
50,9,1,1.49,3.5
51,9,1,2.49,1.5
52,9,1,2.49,2.5
53,9,0,2.49,1.5
54,9,-1,0.49,1.5
55,9,1,2.49,1.5
56,9,1,1.49,1.5
57,9,1,2.49,3.5
58,9,0,2.49,1.5
59,9,-1,2.49,1.5
60,9,-1,0.49,2.5
61,9,-1,1.49,3.5
62,9,-1,2.49,2.5
63,9,-1,0.49,2.5
64,9,-1,1.49,2.5
65,9,1,0.49,2.5
66,9,-1,2.49,3.5
67,9,1,2.49,1.5
68,9,-1,1.49,2.5
69,9,1,2.49,1.5
70,9,-1,0.49,3.5
71,9,0,0.49,3.5
72,9,0,1.49,2.5
73,9,-1,0.49,2.5
74,9,-1,0.49,2.5
75,9,0,2.49,3.5
76,9,-1,1.49,1.5
77,9,-1,0.49,3.5
78,9,-1,2.49,1.5
79,9,-1,1.49,3.5
80,9,1,1.49,2.5
81,9,-1,0.49,3.5
82,9,0,0.49,2.5
83,9,1,0.49,1.5
84,9,-1,0.49,3.5
85,9,0,2.49,2.5
86,9,0,0.49,2.5
87,9,1,1.49,3.5
88,9,-1,2.49,3.5
89,9,-1,0.49,1.5
90,9,0,0.49,1.5
91,9,0,0.49,1.5
92,9,-1,0.49,1.5
93,9,-1,1.49,3.5
94,9,1,0.49,3.5
95,9,1,1.49,2.5
96,9,1,1.49,2.5
97,9,-1,2.49,2.5
98,9,1,0.49,2.5
99,9,1,0.49,2.5
100,9,1,0.49,2.5
101,9,0,2.49,3.5
102,9,-1,2.49,3.5
103,9,-1,1.49,1.5
104,9,-1,1.49,2.5
105,9,0,1.49,1.5
106,9,-1,1.49,1.5
107,9,-1,1.49,2.5
108,9,-1,2.49,2.5
109,9,1,0.49,3.5
110,9,1,2.49,2.5
111,9,0,0.49,1.5
112,9,0,1.49,1.5
113,9,1,2.49,3.5
114,9,-1,0.49,1.5
115,9,0,0.49,2.5
116,9,0,2.49,3.5
117,9,0,0.49,1.5
118,9,1,2.49,3.5
119,9,0,2.49,1.5
120,9,1,1.49,3.5
121,9,1,0.49,2.5
122,9,0,0.49,2.5
123,9,-1,1.49,3.5
124,9,-1,0.49,3.5
125,9,0,1.49,1.5
126,9,1,1.49,2.5
127,9,-1,2.49,3.5
128,9,1,1.49,3.5
129,9,0,1.49,3.5
130,9,0,2.49,1.5
131,9,-1,2.49,2.5
132,9,1,1.49,1.5
133,9,0,1.49,1.5
134,9,1,0.49,1.5
0,10,-1,2.49,1.5
1,10,0,0.49,3.5
2,10,1,2.49,3.5
3,10,-1,0.49,3.5
4,10,0,2.49,1.5
5,10,1,0.49,3.5
6,10,1,1.49,2.5
7,10,0,2.49,1.5
8,10,1,2.49,2.5
9,10,-1,2.49,3.5
10,10,-1,0.49,2.5
11,10,0,2.49,1.5
12,10,-1,2.49,1.5
13,10,1,1.49,1.5
14,10,0,2.49,2.5
15,10,-1,1.49,2.5
16,10,1,2.49,1.5
17,10,1,2.49,2.5
18,10,-1,2.49,3.5
19,10,0,0.49,3.5
20,10,0,2.49,3.5
21,10,-1,0.49,1.5
22,10,0,1.49,1.5
23,10,0,1.49,3.5
24,10,1,1.49,1.5
25,10,1,2.49,2.5
26,10,-1,0.49,3.5
27,10,0,2.49,2.5
28,10,-1,2.49,3.5
29,10,1,0.49,2.5
30,10,1,0.49,3.5
31,10,-1,1.49,2.5
32,10,0,1.49,2.5
33,10,1,0.49,1.5
34,10,0,0.49,1.5
35,10,1,1.49,1.5
36,10,0,1.49,1.5
37,10,1,2.49,1.5
38,10,-1,0.49,3.5
39,10,0,1.49,3.5
40,10,0,2.49,3.5
41,10,1,0.49,1.5
42,10,-1,0.49,2.5
43,10,-1,2.49,3.5
44,10,0,1.49,2.5
45,10,0,0.49,3.5
46,10,-1,0.49,1.5
47,10,-1,2.49,1.5
48,10,0,0.49,2.5
49,10,-1,2.49,3.5
50,10,0,0.49,2.5
51,10,0,0.49,1.5
52,10,1,0.49,3.5
53,10,1,2.49,3.5
54,10,-1,2.49,2.5
55,10,1,0.49,2.5
56,10,-1,1.49,1.5
57,10,-1,1.49,2.5
58,10,-1,1.49,1.5
59,10,1,2.49,1.5
60,10,1,2.49,3.5
61,10,0,1.49,2.5
62,10,0,0.49,1.5
63,10,1,1.49,2.5
64,10,-1,0.49,2.5
65,10,1,1.49,3.5
66,10,-1,1.49,2.5
67,10,-1,1.49,3.5
68,10,0,0.49,1.5
69,10,-1,2.49,2.5
70,10,-1,0.49,2.5
71,10,-1,2.49,2.5
72,10,0,1.49,2.5
73,10,1,0.49,1.5
74,10,-1,2.49,1.5
75,10,0,1.49,3.5
76,10,0,2.49,3.5
77,10,-1,1.49,2.5
78,10,1,1.49,2.5
79,10,0,2.49,1.5
80,10,0,2.49,3.5
81,10,-1,0.49,2.5
82,10,0,2.49,2.5
83,10,1,0.49,2.5
84,10,-1,1.49,1.5
85,10,1,2.49,2.5
86,10,1,2.49,1.5
87,10,0,1.49,1.5
88,10,-1,2.49,2.5
89,10,-1,1.49,1.5
90,10,1,0.49,1.5
91,10,0,2.49,1.5
92,10,0,0.49,2.5
93,10,0,2.49,2.5
94,10,0,1.49,3.5
95,10,-1,1.49,1.5
96,10,0,0.49,3.5
97,10,1,2.49,3.5
98,10,1,1.49,3.5
99,10,1,0.49,3.5
100,10,0,0.49,1.5
101,10,-1,0.49,1.5
102,10,1,1.49,3.5
103,10,1,1.49,3.5
104,10,0,0.49,3.5
105,10,1,1.49,1.5
106,10,1,2.49,1.5
107,10,1,2.49,3.5
108,10,1,1.49,2.5
109,10,-1,1.49,3.5
110,10,-1,2.49,2.5
111,10,1,0.49,1.5
112,10,1,0.49,2.5
113,10,1,0.49,3.5
114,10,0,1.49,1.5
115,10,0,0.49,2.5
116,10,0,2.49,3.5
117,10,-1,0.49,1.5
118,10,-1,0.49,1.5
119,10,0,0.49,2.5
120,10,-1,0.49,3.5
121,10,-1,1.49,3.5
122,10,1,2.49,2.5
123,10,0,2.49,2.5
124,10,-1,2.49,1.5
125,10,0,1.49,2.5
126,10,-1,1.49,3.5
127,10,1,0.49,2.5
128,10,1,1.49,2.5
129,10,1,1.49,1.5
130,10,1,1.49,3.5
131,10,0,1.49,1.5
132,10,0,1.49,3.5
133,10,-1,1.49,3.5
134,10,-1,0.49,3.5
0,11,0,0.49,3.5
1,11,1,2.49,3.5
2,11,1,2.49,2.5
3,11,-1,2.49,3.5
4,11,1,1.49,2.5
5,11,1,2.49,3.5
6,11,0,2.49,3.5
7,11,-1,0.49,2.5
8,11,0,0.49,2.5
9,11,0,0.49,2.5
10,11,-1,1.49,3.5
11,11,-1,2.49,3.5
12,11,1,0.49,2.5
13,11,-1,1.49,1.5
14,11,1,1.49,2.5
15,11,-1,0.49,2.5
16,11,0,1.49,1.5
17,11,-1,2.49,2.5
18,11,1,2.49,1.5
19,11,-1,0.49,3.5
20,11,0,2.49,3.5
21,11,-1,1.49,3.5
22,11,-1,0.49,3.5
23,11,0,2.49,1.5
24,11,0,1.49,3.5
25,11,-1,0.49,3.5
26,11,-1,1.49,3.5
27,11,-1,1.49,2.5
28,11,-1,1.49,3.5
29,11,1,0.49,3.5
30,11,1,0.49,1.5
31,11,-1,2.49,2.5
32,11,-1,2.49,1.5
33,11,1,0.49,3.5
34,11,-1,2.49,2.5
35,11,0,1.49,1.5
36,11,1,0.49,1.5
37,11,-1,2.49,3.5
38,11,0,1.49,2.5
39,11,0,2.49,1.5
40,11,0,2.49,2.5
41,11,-1,1.49,2.5
42,11,0,2.49,1.5
43,11,1,2.49,1.5
44,11,0,2.49,3.5
45,11,-1,1.49,2.5
46,11,1,1.49,2.5
47,11,0,0.49,3.5
48,11,-1,0.49,3.5
49,11,1,1.49,3.5
50,11,-1,1.49,2.5
51,11,0,0.49,1.5
52,11,-1,1.49,1.5
53,11,0,0.49,1.5
54,11,1,1.49,1.5
55,11,0,2.49,3.5
56,11,0,1.49,3.5
57,11,1,0.49,2.5
58,11,1,0.49,1.5
59,11,-1,0.49,1.5
60,11,0,1.49,2.5
61,11,0,1.49,3.5
62,11,-1,2.49,1.5
63,11,0,1.49,2.5
64,11,-1,0.49,1.5
65,11,-1,0.49,3.5
66,11,0,1.49,1.5
67,11,0,2.49,1.5
68,11,-1,1.49,1.5
69,11,-1,2.49,2.5
70,11,-1,1.49,1.5
71,11,0,0.49,1.5
72,11,1,0.49,1.5
73,11,1,2.49,2.5
74,11,0,2.49,3.5
75,11,0,2.49,2.5
76,11,-1,0.49,1.5
77,11,1,2.49,1.5
78,11,1,2.49,2.5
79,11,0,1.49,1.5
80,11,1,0.49,2.5
81,11,1,1.49,1.5
82,11,1,1.49,2.5
83,11,-1,0.49,2.5
84,11,0,0.49,2.5
85,11,-1,2.49,1.5
86,11,-1,1.49,2.5
87,11,-1,2.49,1.5
88,11,-1,2.49,1.5
89,11,1,1.49,1.5
90,11,1,2.49,1.5
91,11,0,0.49,2.5
92,11,1,1.49,3.5
93,11,0,0.49,1.5
94,11,1,1.49,2.5
95,11,-1,0.49,1.5
96,11,0,1.49,2.5
97,11,-1,0.49,1.5
98,11,1,0.49,2.5
99,11,1,2.49,2.5
100,11,1,0.49,3.5
101,11,0,0.49,1.5
102,11,1,2.49,3.5
103,11,0,2.49,2.5
104,11,-1,2.49,2.5
105,11,1,1.49,3.5
106,11,0,0.49,3.5
107,11,1,1.49,3.5
108,11,0,2.49,2.5
109,11,0,2.49,1.5
110,11,-1,2.49,3.5
111,11,0,0.49,3.5
112,11,0,0.49,3.5
113,11,-1,1.49,1.5
114,11,1,2.49,3.5
115,11,1,1.49,3.5
116,11,-1,0.49,2.5
117,11,0,1.49,2.5
118,11,-1,0.49,2.5
119,11,0,2.49,2.5
120,11,1,0.49,3.5
121,11,0,1.49,3.5
122,11,1,1.49,1.5
123,11,1,2.49,1.5
124,11,1,0.49,2.5
125,11,0,1.49,1.5
126,11,0,1.49,3.5
127,11,1,1.49,1.5
128,11,1,2.49,3.5
129,11,0,0.49,2.5
130,11,1,2.49,2.5
131,11,-1,2.49,3.5
132,11,1,0.49,3.5
133,11,-1,1.49,3.5
134,11,1,0.49,1.5
0,12,-1,1.49,3.5
1,12,1,1.49,2.5
2,12,1,2.49,1.5
3,12,0,0.49,3.5
4,12,-1,0.49,1.5
5,12,0,2.49,1.5
6,12,0,1.49,1.5
7,12,1,0.49,3.5
8,12,-1,0.49,1.5
9,12,0,2.49,3.5
10,12,-1,1.49,1.5
11,12,0,0.49,1.5
12,12,-1,1.49,1.5
13,12,-1,2.49,2.5
14,12,1,1.49,1.5
15,12,0,2.49,3.5
16,12,1,0.49,1.5
17,12,-1,0.49,1.5
18,12,0,0.49,3.5
19,12,1,1.49,1.5
20,12,1,2.49,2.5
21,12,0,2.49,1.5
22,12,0,1.49,2.5
23,12,1,0.49,2.5
24,12,0,0.49,1.5
25,12,1,2.49,3.5
26,12,1,2.49,3.5
27,12,0,1.49,3.5
28,12,1,1.49,2.5
29,12,0,1.49,3.5
30,12,-1,1.49,2.5
31,12,1,2.49,3.5
32,12,1,0.49,2.5
33,12,0,1.49,2.5
34,12,0,1.49,1.5
35,12,-1,2.49,1.5
36,12,1,0.49,1.5
37,12,0,2.49,2.5
38,12,0,0.49,2.5
39,12,-1,0.49,2.5
40,12,-1,1.49,3.5
41,12,-1,2.49,3.5
42,12,0,1.49,2.5
43,12,-1,2.49,1.5
44,12,0,1.49,1.5
45,12,1,1.49,1.5
46,12,0,2.49,3.5
47,12,-1,2.49,2.5
48,12,-1,2.49,1.5
49,12,-1,0.49,1.5
50,12,-1,0.49,2.5
51,12,1,0.49,3.5
52,12,1,1.49,3.5
53,12,0,1.49,2.5
54,12,0,2.49,1.5
55,12,-1,1.49,2.5
56,12,1,0.49,1.5
57,12,1,0.49,1.5
58,12,1,0.49,3.5
59,12,1,2.49,2.5
60,12,-1,0.49,3.5
61,12,-1,0.49,2.5
62,12,0,0.49,2.5
63,12,-1,0.49,2.5
64,12,-1,2.49,3.5
65,12,-1,1.49,3.5
66,12,1,1.49,3.5
67,12,0,2.49,3.5
68,12,0,1.49,2.5
69,12,-1,2.49,2.5
70,12,0,2.49,2.5
71,12,1,1.49,1.5
72,12,0,2.49,1.5
73,12,1,0.49,3.5
74,12,1,1.49,2.5
75,12,1,2.49,1.5
76,12,1,2.49,1.5
77,12,-1,1.49,1.5
78,12,0,2.49,2.5
79,12,-1,1.49,2.5
80,12,0,0.49,3.5
81,12,1,2.49,2.5
82,12,-1,0.49,3.5
83,12,-1,2.49,1.5
84,12,0,0.49,1.5
85,12,1,2.49,3.5
86,12,1,0.49,2.5
87,12,1,0.49,3.5
88,12,0,1.49,1.5
89,12,-1,2.49,3.5
90,12,1,2.49,1.5
91,12,-1,1.49,2.5
92,12,0,2.49,2.5
93,12,-1,1.49,1.5
94,12,1,1.49,3.5
95,12,0,1.49,3.5
96,12,-1,0.49,2.5
97,12,0,0.49,2.5
98,12,1,1.49,3.5
99,12,0,1.49,3.5
100,12,0,0.49,2.5
101,12,0,0.49,1.5
102,12,0,0.49,2.5
103,12,1,2.49,1.5
104,12,-1,1.49,2.5
105,12,1,2.49,2.5
106,12,0,2.49,2.5
107,12,0,0.49,3.5
108,12,0,0.49,3.5
109,12,1,2.49,3.5
110,12,-1,2.49,2.5
111,12,-1,0.49,3.5
112,12,-1,0.49,3.5
113,12,-1,2.49,1.5
114,12,1,1.49,2.5
115,12,-1,2.49,2.5
116,12,-1,2.49,3.5
117,12,1,1.49,2.5
118,12,1,1.49,3.5
119,12,0,1.49,3.5
120,12,-1,0.49,1.5
121,12,-1,2.49,3.5
122,12,-1,0.49,3.5
123,12,1,0.49,2.5
124,12,1,1.49,1.5
125,12,-1,1.49,1.5
126,12,1,0.49,2.5
127,12,-1,1.49,3.5
128,12,0,2.49,1.5
129,12,1,2.49,2.5
130,12,-1,1.49,3.5
131,12,1,0.49,1.5
132,12,0,1.49,1.5
133,12,0,0.49,1.5
134,12,0,2.49,3.5
0,13,0,0.49,2.5
1,13,1,1.49,1.5
2,13,-1,2.49,2.5
3,13,-1,1.49,2.5
4,13,1,2.49,3.5
5,13,0,1.49,1.5
6,13,1,0.49,3.5
7,13,-1,2.49,2.5
8,13,1,0.49,1.5
9,13,-1,1.49,2.5
10,13,1,1.49,3.5
11,13,-1,0.49,1.5
12,13,1,0.49,3.5
13,13,-1,2.49,1.5
14,13,-1,2.49,3.5
15,13,0,1.49,2.5
16,13,-1,0.49,1.5
17,13,1,1.49,2.5
18,13,-1,1.49,1.5
19,13,-1,0.49,3.5
20,13,0,0.49,1.5
21,13,1,0.49,1.5
22,13,0,0.49,1.5
23,13,0,0.49,2.5
24,13,-1,0.49,3.5
25,13,1,1.49,3.5
26,13,0,0.49,2.5
27,13,1,0.49,2.5
28,13,0,2.49,2.5
29,13,-1,2.49,1.5
30,13,0,0.49,2.5
31,13,0,2.49,1.5
32,13,1,0.49,3.5
33,13,0,1.49,2.5
34,13,1,2.49,3.5
35,13,1,2.49,3.5
36,13,-1,0.49,2.5
37,13,0,1.49,1.5
38,13,-1,0.49,1.5
39,13,0,0.49,1.5
40,13,0,2.49,1.5
41,13,0,1.49,3.5
42,13,0,1.49,2.5
43,13,1,0.49,2.5
44,13,0,2.49,2.5
45,13,1,1.49,1.5
46,13,-1,2.49,3.5
47,13,1,0.49,2.5
48,13,-1,2.49,1.5
49,13,0,2.49,2.5
50,13,-1,1.49,3.5
51,13,-1,1.49,1.5
52,13,0,0.49,3.5
53,13,0,0.49,1.5
54,13,1,0.49,1.5
55,13,-1,2.49,2.5
56,13,-1,1.49,2.5
57,13,0,1.49,1.5
58,13,1,2.49,2.5
59,13,0,1.49,1.5
60,13,1,1.49,2.5
61,13,0,1.49,2.5
62,13,-1,1.49,3.5
63,13,1,2.49,1.5
64,13,-1,1.49,2.5
65,13,0,1.49,3.5
66,13,-1,0.49,2.5
67,13,0,2.49,2.5
68,13,1,2.49,3.5
69,13,1,2.49,1.5
70,13,1,1.49,2.5
71,13,-1,1.49,2.5
72,13,-1,0.49,3.5
73,13,-1,0.49,3.5
74,13,1,1.49,2.5
75,13,0,2.49,1.5
76,13,0,2.49,1.5
77,13,1,1.49,3.5
78,13,1,1.49,2.5
79,13,0,0.49,3.5
80,13,1,0.49,1.5
81,13,1,0.49,3.5
82,13,-1,1.49,3.5
83,13,0,2.49,2.5
84,13,1,0.49,2.5
85,13,1,2.49,2.5
86,13,-1,1.49,1.5
87,13,0,0.49,3.5
88,13,0,0.49,3.5
89,13,1,2.49,2.5
90,13,1,2.49,2.5
91,13,1,1.49,3.5
92,13,1,1.49,1.5
93,13,-1,0.49,2.5
94,13,0,1.49,1.5
95,13,-1,1.49,1.5
96,13,-1,0.49,1.5
97,13,-1,1.49,1.5
98,13,-1,2.49,1.5
99,13,0,2.49,3.5
100,13,1,2.49,1.5
101,13,-1,1.49,3.5
102,13,-1,0.49,1.5
103,13,-1,2.49,2.5
104,13,-1,0.49,2.5
105,13,0,0.49,2.5
106,13,1,0.49,2.5
107,13,1,1.49,1.5
108,13,0,0.49,1.5
109,13,1,1.49,1.5
110,13,1,2.49,2.5
111,13,0,1.49,2.5
112,13,0,0.49,3.5
113,13,0,1.49,3.5
114,13,1,2.49,1.5
115,13,0,2.49,3.5
116,13,0,1.49,3.5
117,13,0,2.49,3.5
118,13,-1,0.49,2.5
119,13,-1,2.49,1.5
120,13,-1,1.49,3.5
121,13,-1,2.49,3.5
122,13,-1,2.49,2.5
123,13,1,1.49,3.5
124,13,1,2.49,1.5
125,13,0,2.49,1.5
126,13,1,2.49,3.5
127,13,1,0.49,1.5
128,13,0,2.49,3.5
129,13,-1,0.49,3.5
130,13,1,0.49,3.5
131,13,-1,2.49,3.5
132,13,0,2.49,3.5
133,13,-1,2.49,3.5
134,13,0,1.49,3.5
